{"accuracy": 0.9146341463414634, "precision": 0.9130434782608695, "recall": 0.8076923076923077, "f1_score": 0.8571428571428572, "report": {"0": {"precision": 0.9152542372881356, "recall": 0.9642857142857143, "f1-score": 0.9391304347826087, "support": 56.0}, "1": {"precision": 0.9130434782608695, "recall": 0.8076923076923077, "f1-score": 0.8571428571428572, "support": 26.0}, "accuracy": 0.9146341463414634, "macro avg": {"precision": 0.9141488577745025, "recall": 0.885989010989011, "f1-score": 0.8981366459627329, "support": 82.0}, "weighted avg": {"precision": 0.9145532649136365, "recall": 0.9146341463414634, "f1-score": 0.9131343735797607, "support": 82.0}}}